trail_id,user_id,upload_date,photo_url,caption,is_hero_photo
100,75,2018-08-12T08:57:15.285Z,https://images.unsplash.com/photo-1499328610109-620357b0eed2?ixlib=rb-1.2.1&q=80&fm=jpg&crop=entropy&cs=tinysrgb&w=700&h=520&fit=crop&ixid=eyJhcHBfaWQiOjF9,non iste eligendi,false
99,36,2018-04-08T16:31:56.669Z,https://images.unsplash.com/photo-1499328610109-620357b0eed2?ixlib=rb-1.2.1&q=80&fm=jpg&crop=entropy&cs=tinysrgb&w=700&h=520&fit=crop&ixid=eyJhcHBfaWQiOjF9,assumenda quis maxime,false
98,1,2018-02-01T11:57:56.442Z,https://images.unsplash.com/photo-1499328610109-620357b0eed2?ixlib=rb-1.2.1&q=80&fm=jpg&crop=entropy&cs=tinysrgb&w=700&h=520&fit=crop&ixid=eyJhcHBfaWQiOjF9,cupiditate quae fugiat,false
97,74,2018-12-01T16:36:48.306Z,https://images.unsplash.com/photo-1499328610109-620357b0eed2?ixlib=rb-1.2.1&q=80&fm=jpg&crop=entropy&cs=tinysrgb&w=700&h=520&fit=crop&ixid=eyJhcHBfaWQiOjF9,laborum sed quae,false
96,70,2018-01-27T19:20:34.966Z,https://images.unsplash.com/photo-1499328610109-620357b0eed2?ixlib=rb-1.2.1&q=80&fm=jpg&crop=entropy&cs=tinysrgb&w=700&h=520&fit=crop&ixid=eyJhcHBfaWQiOjF9,rerum qui praesentium,false
95,96,2018-10-11T06:43:51.537Z,https://images.unsplash.com/photo-1499328610109-620357b0eed2?ixlib=rb-1.2.1&q=80&fm=jpg&crop=entropy&cs=tinysrgb&w=700&h=520&fit=crop&ixid=eyJhcHBfaWQiOjF9,amet dolore sed,false
94,60,2018-04-19T04:20:25.092Z,https://images.unsplash.com/photo-1499328610109-620357b0eed2?ixlib=rb-1.2.1&q=80&fm=jpg&crop=entropy&cs=tinysrgb&w=700&h=520&fit=crop&ixid=eyJhcHBfaWQiOjF9,aut eos quia,false
93,23,2018-07-09T18:56:32.685Z,https://images.unsplash.com/photo-1499328610109-620357b0eed2?ixlib=rb-1.2.1&q=80&fm=jpg&crop=entropy&cs=tinysrgb&w=700&h=520&fit=crop&ixid=eyJhcHBfaWQiOjF9,velit exercitationem voluptatem,false
92,72,2018-01-31T15:17:40.361Z,https://images.unsplash.com/photo-1499328610109-620357b0eed2?ixlib=rb-1.2.1&q=80&fm=jpg&crop=entropy&cs=tinysrgb&w=700&h=520&fit=crop&ixid=eyJhcHBfaWQiOjF9,voluptas deleniti quisquam,false
91,64,2018-02-27T08:01:25.299Z,https://images.unsplash.com/photo-1499328610109-620357b0eed2?ixlib=rb-1.2.1&q=80&fm=jpg&crop=entropy&cs=tinysrgb&w=700&h=520&fit=crop&ixid=eyJhcHBfaWQiOjF9,error veniam rerum,false
90,78,2018-11-29T07:18:25.249Z,https://images.unsplash.com/photo-1499328610109-620357b0eed2?ixlib=rb-1.2.1&q=80&fm=jpg&crop=entropy&cs=tinysrgb&w=700&h=520&fit=crop&ixid=eyJhcHBfaWQiOjF9,et est repellat,false
89,70,2019-01-17T07:10:50.621Z,https://images.unsplash.com/photo-1499328610109-620357b0eed2?ixlib=rb-1.2.1&q=80&fm=jpg&crop=entropy&cs=tinysrgb&w=700&h=520&fit=crop&ixid=eyJhcHBfaWQiOjF9,iure mollitia vero,false
88,17,2018-07-11T22:05:24.629Z,https://images.unsplash.com/photo-1499328610109-620357b0eed2?ixlib=rb-1.2.1&q=80&fm=jpg&crop=entropy&cs=tinysrgb&w=700&h=520&fit=crop&ixid=eyJhcHBfaWQiOjF9,soluta accusantium officiis,false
87,1,2018-08-19T06:10:44.191Z,https://images.unsplash.com/photo-1499328610109-620357b0eed2?ixlib=rb-1.2.1&q=80&fm=jpg&crop=entropy&cs=tinysrgb&w=700&h=520&fit=crop&ixid=eyJhcHBfaWQiOjF9,delectus et qui,false
86,15,2019-01-10T17:36:25.424Z,https://images.unsplash.com/photo-1499328610109-620357b0eed2?ixlib=rb-1.2.1&q=80&fm=jpg&crop=entropy&cs=tinysrgb&w=700&h=520&fit=crop&ixid=eyJhcHBfaWQiOjF9,omnis minus voluptatibus,false
85,67,2018-12-15T16:55:18.538Z,https://images.unsplash.com/photo-1499328610109-620357b0eed2?ixlib=rb-1.2.1&q=80&fm=jpg&crop=entropy&cs=tinysrgb&w=700&h=520&fit=crop&ixid=eyJhcHBfaWQiOjF9,sit voluptatem autem,false
84,99,2018-05-03T19:49:27.993Z,https://images.unsplash.com/photo-1499328610109-620357b0eed2?ixlib=rb-1.2.1&q=80&fm=jpg&crop=entropy&cs=tinysrgb&w=700&h=520&fit=crop&ixid=eyJhcHBfaWQiOjF9,sint et consequuntur,false
83,35,2018-08-23T02:36:22.426Z,https://images.unsplash.com/photo-1499328610109-620357b0eed2?ixlib=rb-1.2.1&q=80&fm=jpg&crop=entropy&cs=tinysrgb&w=700&h=520&fit=crop&ixid=eyJhcHBfaWQiOjF9,qui cumque suscipit,false
82,97,2019-01-15T01:54:35.631Z,https://images.unsplash.com/photo-1499328610109-620357b0eed2?ixlib=rb-1.2.1&q=80&fm=jpg&crop=entropy&cs=tinysrgb&w=700&h=520&fit=crop&ixid=eyJhcHBfaWQiOjF9,non sit recusandae,false
81,87,2018-05-08T10:53:56.726Z,https://images.unsplash.com/photo-1499328610109-620357b0eed2?ixlib=rb-1.2.1&q=80&fm=jpg&crop=entropy&cs=tinysrgb&w=700&h=520&fit=crop&ixid=eyJhcHBfaWQiOjF9,modi aut quae,false
80,55,2018-11-01T23:48:25.395Z,https://images.unsplash.com/photo-1499328610109-620357b0eed2?ixlib=rb-1.2.1&q=80&fm=jpg&crop=entropy&cs=tinysrgb&w=700&h=520&fit=crop&ixid=eyJhcHBfaWQiOjF9,odit corporis reiciendis,false
79,98,2018-06-23T04:52:26.257Z,https://images.unsplash.com/photo-1499328610109-620357b0eed2?ixlib=rb-1.2.1&q=80&fm=jpg&crop=entropy&cs=tinysrgb&w=700&h=520&fit=crop&ixid=eyJhcHBfaWQiOjF9,voluptas maiores voluptas,false
78,59,2019-01-02T03:42:59.863Z,https://images.unsplash.com/photo-1499328610109-620357b0eed2?ixlib=rb-1.2.1&q=80&fm=jpg&crop=entropy&cs=tinysrgb&w=700&h=520&fit=crop&ixid=eyJhcHBfaWQiOjF9,nesciunt iure blanditiis,false
77,88,2018-04-24T23:36:08.795Z,https://images.unsplash.com/photo-1499328610109-620357b0eed2?ixlib=rb-1.2.1&q=80&fm=jpg&crop=entropy&cs=tinysrgb&w=700&h=520&fit=crop&ixid=eyJhcHBfaWQiOjF9,excepturi accusantium repellat,false
76,44,2018-07-25T01:02:34.729Z,https://images.unsplash.com/photo-1499328610109-620357b0eed2?ixlib=rb-1.2.1&q=80&fm=jpg&crop=entropy&cs=tinysrgb&w=700&h=520&fit=crop&ixid=eyJhcHBfaWQiOjF9,facilis autem et,false
75,60,2018-11-06T06:41:45.066Z,https://images.unsplash.com/photo-1499328610109-620357b0eed2?ixlib=rb-1.2.1&q=80&fm=jpg&crop=entropy&cs=tinysrgb&w=700&h=520&fit=crop&ixid=eyJhcHBfaWQiOjF9,dolorem aperiam a,false
74,55,2018-11-17T12:28:39.162Z,https://images.unsplash.com/photo-1499328610109-620357b0eed2?ixlib=rb-1.2.1&q=80&fm=jpg&crop=entropy&cs=tinysrgb&w=700&h=520&fit=crop&ixid=eyJhcHBfaWQiOjF9,assumenda dicta voluptatem,false
73,80,2019-01-11T20:31:06.065Z,https://images.unsplash.com/photo-1499328610109-620357b0eed2?ixlib=rb-1.2.1&q=80&fm=jpg&crop=entropy&cs=tinysrgb&w=700&h=520&fit=crop&ixid=eyJhcHBfaWQiOjF9,placeat nostrum laborum,false
72,73,2018-11-21T20:25:10.620Z,https://images.unsplash.com/photo-1499328610109-620357b0eed2?ixlib=rb-1.2.1&q=80&fm=jpg&crop=entropy&cs=tinysrgb&w=700&h=520&fit=crop&ixid=eyJhcHBfaWQiOjF9,qui illo voluptate,false
71,37,2018-11-28T16:57:12.619Z,https://images.unsplash.com/photo-1499328610109-620357b0eed2?ixlib=rb-1.2.1&q=80&fm=jpg&crop=entropy&cs=tinysrgb&w=700&h=520&fit=crop&ixid=eyJhcHBfaWQiOjF9,minima harum dolor,false
70,46,2018-12-10T03:21:45.332Z,https://images.unsplash.com/photo-1499328610109-620357b0eed2?ixlib=rb-1.2.1&q=80&fm=jpg&crop=entropy&cs=tinysrgb&w=700&h=520&fit=crop&ixid=eyJhcHBfaWQiOjF9,sint nihil quia,false
69,10,2018-10-06T19:45:01.852Z,https://images.unsplash.com/photo-1499328610109-620357b0eed2?ixlib=rb-1.2.1&q=80&fm=jpg&crop=entropy&cs=tinysrgb&w=700&h=520&fit=crop&ixid=eyJhcHBfaWQiOjF9,ipsum consequatur vel,false
68,69,2018-06-22T11:24:44.341Z,https://images.unsplash.com/photo-1499328610109-620357b0eed2?ixlib=rb-1.2.1&q=80&fm=jpg&crop=entropy&cs=tinysrgb&w=700&h=520&fit=crop&ixid=eyJhcHBfaWQiOjF9,deserunt fugiat corrupti,false
67,73,2018-10-23T14:12:49.472Z,https://images.unsplash.com/photo-1499328610109-620357b0eed2?ixlib=rb-1.2.1&q=80&fm=jpg&crop=entropy&cs=tinysrgb&w=700&h=520&fit=crop&ixid=eyJhcHBfaWQiOjF9,aperiam consequatur animi,false
66,70,2018-09-05T01:13:04.371Z,https://images.unsplash.com/photo-1499328610109-620357b0eed2?ixlib=rb-1.2.1&q=80&fm=jpg&crop=entropy&cs=tinysrgb&w=700&h=520&fit=crop&ixid=eyJhcHBfaWQiOjF9,ut aut perferendis,false
65,78,2018-06-29T22:18:41.051Z,https://images.unsplash.com/photo-1499328610109-620357b0eed2?ixlib=rb-1.2.1&q=80&fm=jpg&crop=entropy&cs=tinysrgb&w=700&h=520&fit=crop&ixid=eyJhcHBfaWQiOjF9,cumque sed inventore,false
64,64,2018-01-29T14:21:32.057Z,https://images.unsplash.com/photo-1499328610109-620357b0eed2?ixlib=rb-1.2.1&q=80&fm=jpg&crop=entropy&cs=tinysrgb&w=700&h=520&fit=crop&ixid=eyJhcHBfaWQiOjF9,est est quis,false
63,20,2018-06-06T21:13:12.952Z,https://images.unsplash.com/photo-1499328610109-620357b0eed2?ixlib=rb-1.2.1&q=80&fm=jpg&crop=entropy&cs=tinysrgb&w=700&h=520&fit=crop&ixid=eyJhcHBfaWQiOjF9,culpa quis impedit,false
62,77,2018-09-20T18:49:35.222Z,https://images.unsplash.com/photo-1499328610109-620357b0eed2?ixlib=rb-1.2.1&q=80&fm=jpg&crop=entropy&cs=tinysrgb&w=700&h=520&fit=crop&ixid=eyJhcHBfaWQiOjF9,odit quo mollitia,false
61,91,2018-08-27T08:24:54.292Z,https://images.unsplash.com/photo-1499328610109-620357b0eed2?ixlib=rb-1.2.1&q=80&fm=jpg&crop=entropy&cs=tinysrgb&w=700&h=520&fit=crop&ixid=eyJhcHBfaWQiOjF9,ipsam in dolor,false
60,46,2018-10-16T06:42:12.470Z,https://images.unsplash.com/photo-1499328610109-620357b0eed2?ixlib=rb-1.2.1&q=80&fm=jpg&crop=entropy&cs=tinysrgb&w=700&h=520&fit=crop&ixid=eyJhcHBfaWQiOjF9,deleniti perferendis culpa,false
59,52,2018-12-21T03:22:15.556Z,https://images.unsplash.com/photo-1499328610109-620357b0eed2?ixlib=rb-1.2.1&q=80&fm=jpg&crop=entropy&cs=tinysrgb&w=700&h=520&fit=crop&ixid=eyJhcHBfaWQiOjF9,provident vel repudiandae,false
58,51,2018-04-13T09:29:46.475Z,https://images.unsplash.com/photo-1499328610109-620357b0eed2?ixlib=rb-1.2.1&q=80&fm=jpg&crop=entropy&cs=tinysrgb&w=700&h=520&fit=crop&ixid=eyJhcHBfaWQiOjF9,sed ab commodi,false
57,38,2018-03-20T17:41:42.437Z,https://images.unsplash.com/photo-1499328610109-620357b0eed2?ixlib=rb-1.2.1&q=80&fm=jpg&crop=entropy&cs=tinysrgb&w=700&h=520&fit=crop&ixid=eyJhcHBfaWQiOjF9,nisi delectus voluptatem,false
56,76,2018-06-24T03:38:56.867Z,https://images.unsplash.com/photo-1499328610109-620357b0eed2?ixlib=rb-1.2.1&q=80&fm=jpg&crop=entropy&cs=tinysrgb&w=700&h=520&fit=crop&ixid=eyJhcHBfaWQiOjF9,veritatis earum in,false
55,81,2018-05-30T05:39:59.428Z,https://images.unsplash.com/photo-1499328610109-620357b0eed2?ixlib=rb-1.2.1&q=80&fm=jpg&crop=entropy&cs=tinysrgb&w=700&h=520&fit=crop&ixid=eyJhcHBfaWQiOjF9,architecto molestias praesentium,false
54,13,2018-03-09T02:22:08.255Z,https://images.unsplash.com/photo-1499328610109-620357b0eed2?ixlib=rb-1.2.1&q=80&fm=jpg&crop=entropy&cs=tinysrgb&w=700&h=520&fit=crop&ixid=eyJhcHBfaWQiOjF9,et expedita dignissimos,false
53,6,2018-07-13T13:33:35.733Z,https://images.unsplash.com/photo-1499328610109-620357b0eed2?ixlib=rb-1.2.1&q=80&fm=jpg&crop=entropy&cs=tinysrgb&w=700&h=520&fit=crop&ixid=eyJhcHBfaWQiOjF9,laudantium aliquid ut,false
52,53,2018-10-10T20:12:07.718Z,https://images.unsplash.com/photo-1499328610109-620357b0eed2?ixlib=rb-1.2.1&q=80&fm=jpg&crop=entropy&cs=tinysrgb&w=700&h=520&fit=crop&ixid=eyJhcHBfaWQiOjF9,maiores eius culpa,false
51,41,2018-09-01T11:06:38.891Z,https://images.unsplash.com/photo-1499328610109-620357b0eed2?ixlib=rb-1.2.1&q=80&fm=jpg&crop=entropy&cs=tinysrgb&w=700&h=520&fit=crop&ixid=eyJhcHBfaWQiOjF9,praesentium ratione possimus,false
50,6,2018-12-05T05:23:20.016Z,https://images.unsplash.com/photo-1499328610109-620357b0eed2?ixlib=rb-1.2.1&q=80&fm=jpg&crop=entropy&cs=tinysrgb&w=700&h=520&fit=crop&ixid=eyJhcHBfaWQiOjF9,delectus pariatur doloremque,false
49,5,2018-11-29T01:09:43.757Z,https://images.unsplash.com/photo-1499328610109-620357b0eed2?ixlib=rb-1.2.1&q=80&fm=jpg&crop=entropy&cs=tinysrgb&w=700&h=520&fit=crop&ixid=eyJhcHBfaWQiOjF9,nobis qui numquam,false
48,32,2018-10-24T19:42:57.682Z,https://images.unsplash.com/photo-1499328610109-620357b0eed2?ixlib=rb-1.2.1&q=80&fm=jpg&crop=entropy&cs=tinysrgb&w=700&h=520&fit=crop&ixid=eyJhcHBfaWQiOjF9,at eligendi minus,false
47,63,2018-10-26T06:20:22.600Z,https://images.unsplash.com/photo-1499328610109-620357b0eed2?ixlib=rb-1.2.1&q=80&fm=jpg&crop=entropy&cs=tinysrgb&w=700&h=520&fit=crop&ixid=eyJhcHBfaWQiOjF9,explicabo quas est,false
46,8,2018-07-22T22:29:56.438Z,https://images.unsplash.com/photo-1499328610109-620357b0eed2?ixlib=rb-1.2.1&q=80&fm=jpg&crop=entropy&cs=tinysrgb&w=700&h=520&fit=crop&ixid=eyJhcHBfaWQiOjF9,qui quasi aliquid,false
45,55,2018-03-15T19:45:52.879Z,https://images.unsplash.com/photo-1499328610109-620357b0eed2?ixlib=rb-1.2.1&q=80&fm=jpg&crop=entropy&cs=tinysrgb&w=700&h=520&fit=crop&ixid=eyJhcHBfaWQiOjF9,accusamus perspiciatis quis,false
44,41,2018-05-13T15:45:12.133Z,https://images.unsplash.com/photo-1499328610109-620357b0eed2?ixlib=rb-1.2.1&q=80&fm=jpg&crop=entropy&cs=tinysrgb&w=700&h=520&fit=crop&ixid=eyJhcHBfaWQiOjF9,quam qui itaque,false
43,79,2018-10-04T05:55:49.233Z,https://images.unsplash.com/photo-1499328610109-620357b0eed2?ixlib=rb-1.2.1&q=80&fm=jpg&crop=entropy&cs=tinysrgb&w=700&h=520&fit=crop&ixid=eyJhcHBfaWQiOjF9,reprehenderit aut quos,false
42,88,2018-08-09T00:14:26.283Z,https://images.unsplash.com/photo-1499328610109-620357b0eed2?ixlib=rb-1.2.1&q=80&fm=jpg&crop=entropy&cs=tinysrgb&w=700&h=520&fit=crop&ixid=eyJhcHBfaWQiOjF9,reprehenderit distinctio cumque,false
41,12,2018-11-18T10:15:19.443Z,https://images.unsplash.com/photo-1499328610109-620357b0eed2?ixlib=rb-1.2.1&q=80&fm=jpg&crop=entropy&cs=tinysrgb&w=700&h=520&fit=crop&ixid=eyJhcHBfaWQiOjF9,minima id aut,false
40,43,2018-04-27T02:02:24.967Z,https://images.unsplash.com/photo-1499328610109-620357b0eed2?ixlib=rb-1.2.1&q=80&fm=jpg&crop=entropy&cs=tinysrgb&w=700&h=520&fit=crop&ixid=eyJhcHBfaWQiOjF9,placeat veritatis distinctio,false
39,83,2018-10-15T14:41:26.172Z,https://images.unsplash.com/photo-1499328610109-620357b0eed2?ixlib=rb-1.2.1&q=80&fm=jpg&crop=entropy&cs=tinysrgb&w=700&h=520&fit=crop&ixid=eyJhcHBfaWQiOjF9,at vero minima,false
38,52,2018-10-03T04:42:25.526Z,https://images.unsplash.com/photo-1499328610109-620357b0eed2?ixlib=rb-1.2.1&q=80&fm=jpg&crop=entropy&cs=tinysrgb&w=700&h=520&fit=crop&ixid=eyJhcHBfaWQiOjF9,cum cupiditate consequuntur,false
37,20,2018-05-29T22:17:05.054Z,https://images.unsplash.com/photo-1499328610109-620357b0eed2?ixlib=rb-1.2.1&q=80&fm=jpg&crop=entropy&cs=tinysrgb&w=700&h=520&fit=crop&ixid=eyJhcHBfaWQiOjF9,dolorem et voluptatem,false
36,14,2018-07-03T04:56:19.790Z,https://images.unsplash.com/photo-1499328610109-620357b0eed2?ixlib=rb-1.2.1&q=80&fm=jpg&crop=entropy&cs=tinysrgb&w=700&h=520&fit=crop&ixid=eyJhcHBfaWQiOjF9,quasi ipsam quia,false
35,93,2018-08-04T00:36:54.105Z,https://images.unsplash.com/photo-1499328610109-620357b0eed2?ixlib=rb-1.2.1&q=80&fm=jpg&crop=entropy&cs=tinysrgb&w=700&h=520&fit=crop&ixid=eyJhcHBfaWQiOjF9,quia impedit accusamus,false
34,46,2018-10-26T00:28:19.231Z,https://images.unsplash.com/photo-1499328610109-620357b0eed2?ixlib=rb-1.2.1&q=80&fm=jpg&crop=entropy&cs=tinysrgb&w=700&h=520&fit=crop&ixid=eyJhcHBfaWQiOjF9,beatae est quisquam,false
33,33,2018-02-01T13:50:26.793Z,https://images.unsplash.com/photo-1499328610109-620357b0eed2?ixlib=rb-1.2.1&q=80&fm=jpg&crop=entropy&cs=tinysrgb&w=700&h=520&fit=crop&ixid=eyJhcHBfaWQiOjF9,fuga et quae,false
32,94,2018-08-19T18:02:31.221Z,https://images.unsplash.com/photo-1499328610109-620357b0eed2?ixlib=rb-1.2.1&q=80&fm=jpg&crop=entropy&cs=tinysrgb&w=700&h=520&fit=crop&ixid=eyJhcHBfaWQiOjF9,tempora aut ducimus,false
31,95,2018-02-25T05:02:33.744Z,https://images.unsplash.com/photo-1499328610109-620357b0eed2?ixlib=rb-1.2.1&q=80&fm=jpg&crop=entropy&cs=tinysrgb&w=700&h=520&fit=crop&ixid=eyJhcHBfaWQiOjF9,fugiat dicta quis,false
30,15,2018-05-13T18:25:32.750Z,https://images.unsplash.com/photo-1499328610109-620357b0eed2?ixlib=rb-1.2.1&q=80&fm=jpg&crop=entropy&cs=tinysrgb&w=700&h=520&fit=crop&ixid=eyJhcHBfaWQiOjF9,corrupti qui et,false
29,23,2018-07-26T11:12:53.634Z,https://images.unsplash.com/photo-1499328610109-620357b0eed2?ixlib=rb-1.2.1&q=80&fm=jpg&crop=entropy&cs=tinysrgb&w=700&h=520&fit=crop&ixid=eyJhcHBfaWQiOjF9,voluptas nihil quis,false
28,50,2018-02-08T22:09:18.067Z,https://images.unsplash.com/photo-1499328610109-620357b0eed2?ixlib=rb-1.2.1&q=80&fm=jpg&crop=entropy&cs=tinysrgb&w=700&h=520&fit=crop&ixid=eyJhcHBfaWQiOjF9,ut quia nihil,false
27,66,2018-01-28T14:04:16.122Z,https://images.unsplash.com/photo-1499328610109-620357b0eed2?ixlib=rb-1.2.1&q=80&fm=jpg&crop=entropy&cs=tinysrgb&w=700&h=520&fit=crop&ixid=eyJhcHBfaWQiOjF9,quia itaque officia,false
26,69,2018-02-09T22:11:03.079Z,https://images.unsplash.com/photo-1499328610109-620357b0eed2?ixlib=rb-1.2.1&q=80&fm=jpg&crop=entropy&cs=tinysrgb&w=700&h=520&fit=crop&ixid=eyJhcHBfaWQiOjF9,dolor sed aliquam,false
25,65,2018-07-11T21:22:35.194Z,https://images.unsplash.com/photo-1499328610109-620357b0eed2?ixlib=rb-1.2.1&q=80&fm=jpg&crop=entropy&cs=tinysrgb&w=700&h=520&fit=crop&ixid=eyJhcHBfaWQiOjF9,sapiente vel aliquam,false
24,48,2018-04-11T00:14:07.144Z,https://images.unsplash.com/photo-1499328610109-620357b0eed2?ixlib=rb-1.2.1&q=80&fm=jpg&crop=entropy&cs=tinysrgb&w=700&h=520&fit=crop&ixid=eyJhcHBfaWQiOjF9,saepe ad et,false
23,79,2018-07-07T23:59:37.843Z,https://images.unsplash.com/photo-1499328610109-620357b0eed2?ixlib=rb-1.2.1&q=80&fm=jpg&crop=entropy&cs=tinysrgb&w=700&h=520&fit=crop&ixid=eyJhcHBfaWQiOjF9,perferendis ea sequi,false
22,49,2018-11-06T13:10:57.532Z,https://images.unsplash.com/photo-1499328610109-620357b0eed2?ixlib=rb-1.2.1&q=80&fm=jpg&crop=entropy&cs=tinysrgb&w=700&h=520&fit=crop&ixid=eyJhcHBfaWQiOjF9,odit nihil vero,false
21,76,2018-05-26T01:29:24.640Z,https://images.unsplash.com/photo-1499328610109-620357b0eed2?ixlib=rb-1.2.1&q=80&fm=jpg&crop=entropy&cs=tinysrgb&w=700&h=520&fit=crop&ixid=eyJhcHBfaWQiOjF9,occaecati vitae veniam,false
20,78,2018-03-25T04:16:30.593Z,https://images.unsplash.com/photo-1499328610109-620357b0eed2?ixlib=rb-1.2.1&q=80&fm=jpg&crop=entropy&cs=tinysrgb&w=700&h=520&fit=crop&ixid=eyJhcHBfaWQiOjF9,minima et hic,false
19,98,2018-10-03T23:24:15.514Z,https://images.unsplash.com/photo-1499328610109-620357b0eed2?ixlib=rb-1.2.1&q=80&fm=jpg&crop=entropy&cs=tinysrgb&w=700&h=520&fit=crop&ixid=eyJhcHBfaWQiOjF9,voluptas et enim,false
18,36,2018-05-30T21:23:31.633Z,https://images.unsplash.com/photo-1499328610109-620357b0eed2?ixlib=rb-1.2.1&q=80&fm=jpg&crop=entropy&cs=tinysrgb&w=700&h=520&fit=crop&ixid=eyJhcHBfaWQiOjF9,corrupti quisquam distinctio,false
17,23,2018-06-11T02:28:17.727Z,https://images.unsplash.com/photo-1499328610109-620357b0eed2?ixlib=rb-1.2.1&q=80&fm=jpg&crop=entropy&cs=tinysrgb&w=700&h=520&fit=crop&ixid=eyJhcHBfaWQiOjF9,in nulla ut,false
16,55,2019-01-05T23:48:35.457Z,https://images.unsplash.com/photo-1499328610109-620357b0eed2?ixlib=rb-1.2.1&q=80&fm=jpg&crop=entropy&cs=tinysrgb&w=700&h=520&fit=crop&ixid=eyJhcHBfaWQiOjF9,qui temporibus nesciunt,false
15,14,2018-04-15T19:23:48.403Z,https://images.unsplash.com/photo-1499328610109-620357b0eed2?ixlib=rb-1.2.1&q=80&fm=jpg&crop=entropy&cs=tinysrgb&w=700&h=520&fit=crop&ixid=eyJhcHBfaWQiOjF9,sit voluptate et,false
14,20,2018-11-14T23:14:16.277Z,https://images.unsplash.com/photo-1499328610109-620357b0eed2?ixlib=rb-1.2.1&q=80&fm=jpg&crop=entropy&cs=tinysrgb&w=700&h=520&fit=crop&ixid=eyJhcHBfaWQiOjF9,fugit tempora sunt,false
13,63,2018-07-31T19:36:17.339Z,https://images.unsplash.com/photo-1499328610109-620357b0eed2?ixlib=rb-1.2.1&q=80&fm=jpg&crop=entropy&cs=tinysrgb&w=700&h=520&fit=crop&ixid=eyJhcHBfaWQiOjF9,ea adipisci omnis,false
12,19,2018-09-01T13:26:36.908Z,https://images.unsplash.com/photo-1499328610109-620357b0eed2?ixlib=rb-1.2.1&q=80&fm=jpg&crop=entropy&cs=tinysrgb&w=700&h=520&fit=crop&ixid=eyJhcHBfaWQiOjF9,architecto eligendi dolores,false
11,69,2018-08-25T02:52:33.310Z,https://images.unsplash.com/photo-1499328610109-620357b0eed2?ixlib=rb-1.2.1&q=80&fm=jpg&crop=entropy&cs=tinysrgb&w=700&h=520&fit=crop&ixid=eyJhcHBfaWQiOjF9,molestias quis aut,false
10,37,2018-11-23T03:00:49.296Z,https://images.unsplash.com/photo-1499328610109-620357b0eed2?ixlib=rb-1.2.1&q=80&fm=jpg&crop=entropy&cs=tinysrgb&w=700&h=520&fit=crop&ixid=eyJhcHBfaWQiOjF9,aut perspiciatis repudiandae,false
9,55,2018-04-25T14:45:34.458Z,https://images.unsplash.com/photo-1499328610109-620357b0eed2?ixlib=rb-1.2.1&q=80&fm=jpg&crop=entropy&cs=tinysrgb&w=700&h=520&fit=crop&ixid=eyJhcHBfaWQiOjF9,fugiat delectus eaque,false
8,90,2018-05-21T19:44:25.467Z,https://images.unsplash.com/photo-1499328610109-620357b0eed2?ixlib=rb-1.2.1&q=80&fm=jpg&crop=entropy&cs=tinysrgb&w=700&h=520&fit=crop&ixid=eyJhcHBfaWQiOjF9,laborum facilis et,false
7,2,2018-08-04T11:35:15.211Z,https://images.unsplash.com/photo-1499328610109-620357b0eed2?ixlib=rb-1.2.1&q=80&fm=jpg&crop=entropy&cs=tinysrgb&w=700&h=520&fit=crop&ixid=eyJhcHBfaWQiOjF9,mollitia ut beatae,false
6,7,2018-12-02T10:14:43.960Z,https://images.unsplash.com/photo-1499328610109-620357b0eed2?ixlib=rb-1.2.1&q=80&fm=jpg&crop=entropy&cs=tinysrgb&w=700&h=520&fit=crop&ixid=eyJhcHBfaWQiOjF9,quia animi et,false
5,27,2018-03-17T03:03:12.749Z,https://images.unsplash.com/photo-1499328610109-620357b0eed2?ixlib=rb-1.2.1&q=80&fm=jpg&crop=entropy&cs=tinysrgb&w=700&h=520&fit=crop&ixid=eyJhcHBfaWQiOjF9,ducimus dolor porro,false
4,59,2018-09-14T19:18:20.146Z,https://images.unsplash.com/photo-1499328610109-620357b0eed2?ixlib=rb-1.2.1&q=80&fm=jpg&crop=entropy&cs=tinysrgb&w=700&h=520&fit=crop&ixid=eyJhcHBfaWQiOjF9,libero laudantium molestias,false
3,39,2018-07-19T20:19:37.797Z,https://images.unsplash.com/photo-1499328610109-620357b0eed2?ixlib=rb-1.2.1&q=80&fm=jpg&crop=entropy&cs=tinysrgb&w=700&h=520&fit=crop&ixid=eyJhcHBfaWQiOjF9,aut nostrum aliquid,false
2,5,2018-03-13T20:45:30.038Z,https://images.unsplash.com/photo-1499328610109-620357b0eed2?ixlib=rb-1.2.1&q=80&fm=jpg&crop=entropy&cs=tinysrgb&w=700&h=520&fit=crop&ixid=eyJhcHBfaWQiOjF9,illo animi et,false
1,18,2018-10-24T06:40:54.969Z,https://images.unsplash.com/photo-1499328610109-620357b0eed2?ixlib=rb-1.2.1&q=80&fm=jpg&crop=entropy&cs=tinysrgb&w=700&h=520&fit=crop&ixid=eyJhcHBfaWQiOjF9,necessitatibus enim iure,false